region,anio,modalidad,sup_sembrada_ha,valor_miles_pesos,valor_real_miles_pesos_2024
Cañada,2004,riego,1670,27790.32,66206.96810702782
Cañada,2004,temporal,36846,103513.84999999999,246608.8251443546
Cañada,2009,riego,1513.5,26477.59,50863.18938560218
Cañada,2009,temporal,36399,136832.57,262854.0181349084
Cañada,2014,riego,1742.3100000000002,49290.22,78201.14884216596
Cañada,2014,temporal,36985.5,146008.12,231648.44312492074
Cañada,2019,riego,1690.74,62314.41999999999,81196.89755623972
Cañada,2019,temporal,30175.08,144846.09,188737.26388132764
Cañada,2024,riego,1417.64,66709.18000000001,66709.18000000001
Cañada,2024,temporal,28934.65,197421.93,197421.93
Costa,2004,riego,4124,46575.79,110961.00523814136
Costa,2004,temporal,92297,316470.60000000003,753951.6968862525
Costa,2009,riego,5091,61930.33,118967.55344813634
Costa,2009,temporal,82584,450227.26999999996,864882.1475282548
Costa,2014,riego,6440.5,112305.80000000002,178178.19806116758
Costa,2014,temporal,84228,441453.20000000007,700385.3381066357
Costa,2019,riego,6970.7,170439.05999999994,222085.40004708053
Costa,2019,temporal,54234.649999999994,248568.59000000008,323889.6925932866
Costa,2024,riego,7309.25,216934.94000000003,216934.94000000003
Costa,2024,temporal,64950.42,590485.4600000001,590485.4600000001
Istmo,2004,riego,17065,85479.54000000001,203644.3329397937
Istmo,2004,temporal,129257,506203.00999999995,1205965.477862489
Istmo,2009,riego,14016.5,107646.01,206786.92408313698
Istmo,2009,temporal,108668,788263.2200000001,1514245.8752690325
Istmo,2014,riego,15877,123071.84,195259.00428359286
Istmo,2014,temporal,93192.5,480136.47999999986,761758.1000253934
Istmo,2019,riego,15857.320000000002,183312.31999999998,238859.50744364836
Istmo,2019,temporal,92464.49999999999,802776.6599999999,1046033.5540724004
Istmo,2024,riego,15890.75,275078.49,275078.49
Istmo,2024,temporal,91817.65,1121782.41,1121782.41
Mixteca,2004,riego,13532.5,103596.75000000001,246806.32404526952
Mixteca,2004,temporal,129375.5,307637.31,732907.4861931
Mixteca,2009,riego,9383.25,135794.49000000005,260859.87668784292
Mixteca,2009,temporal,157921,587269.9799999999,1128139.8425316953
Mixteca,2014,riego,10420.970000000007,166233.09,263736.2668209468
Mixteca,2014,temporal,149134.75,561979.61,891605.9033185971
Mixteca,2019,riego,9531.750000000004,240552.23000000007,313444.22007354023
Mixteca,2019,temporal,116238.25,440223.8600000002,573620.2256593645
Mixteca,2024,riego,10131.61,323404.02,323404.02
Mixteca,2024,temporal,123813.37999999996,814930.4299999998,814930.4299999998
Oaxaca (total),2004,riego,63089.5,615108.7799999998,1465419.879289364
Oaxaca (total),2004,temporal,647739.5,2008069.3200000005,4783974.471180644
Oaxaca (total),2009,riego,53321.56000000003,853151.3599999998,1638895.3525703838
Oaxaca (total),2009,temporal,661048.0000000001,2701378.319999999,5189321.1237246245
Oaxaca (total),2014,riego,49612.52999999997,1099445.8000000003,1744320.1643184833
Oaxaca (total),2014,temporal,631362.7299999999,2964065.429999999,4702622.992336988
Oaxaca (total),2019,riego,47201.510000000024,1557146.599999999,2028992.2133632475
Oaxaca (total),2019,temporal,540249.98,3259859.4500000007,4247660.073051955
Oaxaca (total),2024,riego,46892.779999999955,2380851.2,2380851.2
Oaxaca (total),2024,temporal,555704.7100000004,4648964.45,4648964.45
Papaloapan,2004,temporal,70087,399536.67000000004,951846.2388442487
Papaloapan,2009,temporal,65094,390471.04000000004,750091.0187488003
Papaloapan,2014,temporal,69384,589204.92,934800.0809786709
Papaloapan,2019,temporal,65657.20000000001,832948.42,1085347.9423923343
Papaloapan,2024,temporal,65138.31,944263.3199999997,944263.3199999997
Sierra Juárez,2004,riego,1451,12274.270000000002,29241.915977471588
Sierra Juárez,2004,temporal,25580,105188.88000000002,250599.3750116579
Sierra Juárez,2009,riego,1491.9999999999993,17037.57,32729.00402115352
Sierra Juárez,2009,temporal,26275.000000000004,130252.19000000002,250213.1730213905
Sierra Juárez,2014,riego,1489.75,16574.89,26296.807762930013
Sierra Juárez,2014,temporal,26275.25,119009.41999999998,188813.79241236584
Sierra Juárez,2019,riego,1628.19,58661.920000000006,76437.61923311379
Sierra Juárez,2019,temporal,25580.5,157769.02999999997,205576.1052812064
Sierra Juárez,2024,riego,648.3000000000001,54972.13,54972.13
Sierra Juárez,2024,temporal,24864.199999999997,156966.28999999998,156966.28999999998
Valles Centrales,2004,riego,25247,339392.11,808559.3329816593
Valles Centrales,2004,temporal,164297,269519,642095.3712385476
Valles Centrales,2009,riego,21825.309999999994,504265.36999999994,968688.8049445116
Valles Centrales,2009,temporal,184107,218062.05,418895.04849054036
Valles Centrales,2014,riego,13642.000000000005,631969.9600000001,1002648.738547681
Valles Centrales,2014,temporal,172162.72999999998,626273.6799999998,993611.3343704095
Valles Centrales,2019,riego,11522.810000000003,841866.6500000001,1096968.5690096242
Valles Centrales,2019,temporal,155899.79999999996,632726.7999999999,824455.2891720309
Valles Centrales,2024,riego,11495.230000000007,1443752.4400000006,1443752.4400000006
Valles Centrales,2024,temporal,156186.1,823114.6099999995,823114.6099999995
