region,anio,sup_sembrada_ha,valor_miles_pesos,valor_real_miles_pesos_2024
Cañada,2004,38516,131304.16999999998,312815.7932513824
Cañada,2009,37912.5,163310.15999999997,313717.2075205105
Cañada,2014,38727.81,195298.33999999997,309849.5919670867
Cañada,2019,31865.820000000003,207160.50999999998,269934.1614375673
Cañada,2024,30352.289999999997,264131.11,264131.11
Costa,2004,96421,363046.3900000001,864912.7021243937
Costa,2009,87675,512157.5999999999,983849.7009763912
Costa,2014,90668.5,553758.9999999999,878563.5361678035
Costa,2019,61205.35,419007.64999999997,545975.0926403671
Costa,2024,72259.67,807420.3999999999,807420.3999999999
Istmo,2004,146322,591682.5499999998,1409609.8108022832
Istmo,2009,122684.5,895909.23,1721032.79935217
Istmo,2014,109069.5,603208.32,957017.1043089861
Istmo,2019,108321.81999999999,986088.9799999997,1284893.061516049
Istmo,2024,107708.4,1396860.9000000001,1396860.9000000001
Mixteca,2004,142908,411234.0600000001,979713.8102383696
Mixteca,2009,167304.25,723064.4700000001,1388999.719219539
Mixteca,2014,159555.72,728212.7,1155342.1701395435
Mixteca,2019,125770,680776.0899999996,887064.4457329053
Mixteca,2024,133944.98999999996,1138334.4499999997,1138334.4499999997
Oaxaca (total),2004,710829,2623178.1000000034,6249394.350470015
Oaxaca (total),2009,714369.5600000003,3554529.6800000016,6828216.476295006
Oaxaca (total),2014,680975.2599999998,4063511.23,6446943.156655466
Oaxaca (total),2019,587451.4900000002,4817006.050000004,6276652.286415196
Oaxaca (total),2024,602597.4900000003,7029815.650000006,7029815.650000006
Papaloapan,2004,70087,399536.67000000004,951846.2388442487
Papaloapan,2009,65094,390471.04000000004,750091.0187488003
Papaloapan,2014,69384,589204.92,934800.0809786709
Papaloapan,2019,65657.20000000001,832948.42,1085347.9423923343
Papaloapan,2024,65138.31,944263.3199999997,944263.3199999997
Sierra Juárez,2004,27031,117463.15000000001,279841.2909891295
Sierra Juárez,2009,27767,147289.76,282942.177042544
Sierra Juárez,2014,27765,135584.31,215110.60017529584
Sierra Juárez,2019,27208.690000000002,216430.94999999992,282013.72451432014
Sierra Juárez,2024,25512.5,211938.41999999998,211938.41999999998
Valles Centrales,2004,189544,608911.1099999998,1450654.704220207
Valles Centrales,2009,205932.31,722327.4200000002,1387583.853435052
Valles Centrales,2014,185804.73,1258243.6399999997,1996260.0729180896
Valles Centrales,2019,167422.61,1474593.4500000002,1921423.8581816547
Valles Centrales,2024,167681.33000000002,2266867.0500000017,2266867.0500000017
