"run_id","x1","x2","x3","politica","deficit_frac","deficit_medio","deficit_final","emisiones_final","dif_cng"
1,0.5,0.5,0.5,"Sin baterías",1,31.5358105845944,44.0873105592078,237.37835123974,0.096306147706013
2,0.75,0.5,0.5,"Sin baterías",1,45.1845773598771,70.6484679965167,274.812493015686,0.096306147706013
3,1,0.5,0.5,"Sin baterías",1,60.6175357441553,101.613233600284,310.033784725608,0.096306147706013
4,1.25,0.5,0.5,"Sin baterías",1,77.6829203428592,136.536913798347,343.263304394515,0.096306147706013
5,1.5,0.5,0.5,"Sin baterías",1,96.2480832410523,175.039149803076,374.69039355793,0.096306147706013
6,0.5,0.75,0.5,"Sin baterías",1,31.57861068322,44.2289407273713,227.772475682147,0.144459221559019
7,0.75,0.75,0.5,"Sin baterías",1,45.2405480188665,70.8406914731256,263.28874786713,0.144459221559019
8,1,0.75,0.5,"Sin baterías",1,60.6873159672217,101.858936786364,296.710532373508,0.144459221559019
9,1.25,0.75,0.5,"Sin baterías",1,77.7669396171455,136.838009142846,328.246821100457,0.144459221559019
10,1.5,0.75,0.5,"Sin baterías",1,96.3466110681112,175.396818897402,358.076616809869,0.144459221559019
11,0.5,1,0.5,"Sin baterías",1,31.6183151352422,44.35701605535,219.222021532155,0.192612295412026
12,0.75,1,0.5,"Sin baterías",1,45.2924434011855,71.0145781773849,253.036924386682,0.192612295412026
13,1,1,0.5,"Sin baterías",1,60.7520013872991,102.081295857545,284.862113788389,0.192612295412026
14,1.25,1,0.5,"Sin baterías",1,77.8448207879818,137.110619489823,314.895889972769,0.192612295412026
15,1.5,1,0.5,"Sin baterías",1,96.4379455943069,175.720795330592,343.30811078394,0.192612295412026
16,0.5,1.25,0.5,"Sin baterías",1,31.6552943491787,44.4735143284922,211.552165813309,0.240765369265034
17,0.75,1.25,0.5,"Sin baterías",1,45.3407512875767,71.1727921943658,243.845821074061,0.240765369265034
18,1,1.25,0.5,"Sin baterías",1,60.8122010777816,102.283687875695,274.243250211552,0.240765369265034
19,1.25,1.25,0.5,"Sin baterías",1,77.9172962181285,137.358848658516,302.933220318043,0.240765369265034
20,1.5,1.25,0.5,"Sin baterías",1,96.5229430945785,176.015914344681,330.077435853058,0.240765369265034
21,0.5,1.5,0.5,"Sin baterías",1,31.6898581911938,44.5800351345225,204.62581651137,0.288918443118041
22,0.75,1.5,0.5,"Sin baterías",1,45.3858798527784,71.3174903348722,235.54989449587,0.288918443118041
23,1,1.5,0.5,"Sin baterías",1,60.8684249291147,102.468849433972,264.661744448856,0.288918443118041
24,1.25,1.5,0.5,"Sin baterías",1,77.9849793030703,137.586025038275,292.14157438146,0.288918443118041
25,1.5,1.5,0.5,"Sin baterías",1,96.6023210973262,176.286100644738,318.143768806286,0.288918443118041
26,0.5,0.5,0.75,"Sin baterías",1,31.5358105845944,44.0873105592078,237.37835123974,0.096306147706013
27,0.75,0.5,0.75,"Sin baterías",1,45.1845773598771,70.6484679965167,274.812493015686,0.096306147706013
28,1,0.5,0.75,"Sin baterías",1,60.6175357441553,101.613233600284,310.033784725608,0.096306147706013
29,1.25,0.5,0.75,"Sin baterías",1,77.6829203428592,136.536913798347,343.263304394515,0.096306147706013
30,1.5,0.5,0.75,"Sin baterías",1,96.2480832410523,175.039149803076,374.69039355793,0.096306147706013
31,0.5,0.75,0.75,"Sin baterías",1,31.57861068322,44.2289407273713,227.772475682147,0.144459221559019
32,0.75,0.75,0.75,"Sin baterías",1,45.2405480188665,70.8406914731256,263.28874786713,0.144459221559019
33,1,0.75,0.75,"Sin baterías",1,60.6873159672217,101.858936786364,296.710532373508,0.144459221559019
34,1.25,0.75,0.75,"Sin baterías",1,77.7669396171455,136.838009142846,328.246821100457,0.144459221559019
35,1.5,0.75,0.75,"Sin baterías",1,96.3466110681112,175.396818897402,358.076616809869,0.144459221559019
36,0.5,1,0.75,"Sin baterías",1,31.6183151352422,44.35701605535,219.222021532155,0.192612295412026
37,0.75,1,0.75,"Sin baterías",1,45.2924434011855,71.0145781773849,253.036924386682,0.192612295412026
38,1,1,0.75,"Sin baterías",1,60.7520013872991,102.081295857545,284.862113788389,0.192612295412026
39,1.25,1,0.75,"Sin baterías",1,77.8448207879818,137.110619489823,314.895889972769,0.192612295412026
40,1.5,1,0.75,"Sin baterías",1,96.4379455943069,175.720795330592,343.30811078394,0.192612295412026
41,0.5,1.25,0.75,"Sin baterías",1,31.6552943491787,44.4735143284922,211.552165813309,0.240765369265034
42,0.75,1.25,0.75,"Sin baterías",1,45.3407512875767,71.1727921943658,243.845821074061,0.240765369265034
43,1,1.25,0.75,"Sin baterías",1,60.8122010777816,102.283687875695,274.243250211552,0.240765369265034
44,1.25,1.25,0.75,"Sin baterías",1,77.9172962181285,137.358848658516,302.933220318043,0.240765369265034
45,1.5,1.25,0.75,"Sin baterías",1,96.5229430945785,176.015914344681,330.077435853058,0.240765369265034
46,0.5,1.5,0.75,"Sin baterías",1,31.6898581911938,44.5800351345225,204.62581651137,0.288918443118041
47,0.75,1.5,0.75,"Sin baterías",1,45.3858798527784,71.3174903348722,235.54989449587,0.288918443118041
48,1,1.5,0.75,"Sin baterías",1,60.8684249291147,102.468849433972,264.661744448856,0.288918443118041
49,1.25,1.5,0.75,"Sin baterías",1,77.9849793030703,137.586025038275,292.14157438146,0.288918443118041
50,1.5,1.5,0.75,"Sin baterías",1,96.6023210973262,176.286100644738,318.143768806286,0.288918443118041
51,0.5,0.5,1,"Sin baterías",1,31.5358105845944,44.0873105592078,237.37835123974,0.096306147706013
52,0.75,0.5,1,"Sin baterías",1,45.1845773598771,70.6484679965167,274.812493015686,0.096306147706013
53,1,0.5,1,"Sin baterías",1,60.6175357441553,101.613233600284,310.033784725608,0.096306147706013
54,1.25,0.5,1,"Sin baterías",1,77.6829203428592,136.536913798347,343.263304394515,0.096306147706013
55,1.5,0.5,1,"Sin baterías",1,96.2480832410523,175.039149803076,374.69039355793,0.096306147706013
56,0.5,0.75,1,"Sin baterías",1,31.57861068322,44.2289407273713,227.772475682147,0.144459221559019
57,0.75,0.75,1,"Sin baterías",1,45.2405480188665,70.8406914731256,263.28874786713,0.144459221559019
58,1,0.75,1,"Sin baterías",1,60.6873159672217,101.858936786364,296.710532373508,0.144459221559019
59,1.25,0.75,1,"Sin baterías",1,77.7669396171455,136.838009142846,328.246821100457,0.144459221559019
60,1.5,0.75,1,"Sin baterías",1,96.3466110681112,175.396818897402,358.076616809869,0.144459221559019
61,0.5,1,1,"Sin baterías",1,31.6183151352422,44.35701605535,219.222021532155,0.192612295412026
62,0.75,1,1,"Sin baterías",1,45.2924434011855,71.0145781773849,253.036924386682,0.192612295412026
63,1,1,1,"Sin baterías",1,60.7520013872991,102.081295857545,284.862113788389,0.192612295412026
64,1.25,1,1,"Sin baterías",1,77.8448207879818,137.110619489823,314.895889972769,0.192612295412026
65,1.5,1,1,"Sin baterías",1,96.4379455943069,175.720795330592,343.30811078394,0.192612295412026
66,0.5,1.25,1,"Sin baterías",1,31.6552943491787,44.4735143284922,211.552165813309,0.240765369265034
67,0.75,1.25,1,"Sin baterías",1,45.3407512875767,71.1727921943658,243.845821074061,0.240765369265034
68,1,1.25,1,"Sin baterías",1,60.8122010777816,102.283687875695,274.243250211552,0.240765369265034
69,1.25,1.25,1,"Sin baterías",1,77.9172962181285,137.358848658516,302.933220318043,0.240765369265034
70,1.5,1.25,1,"Sin baterías",1,96.5229430945785,176.015914344681,330.077435853058,0.240765369265034
71,0.5,1.5,1,"Sin baterías",1,31.6898581911938,44.5800351345225,204.62581651137,0.288918443118041
72,0.75,1.5,1,"Sin baterías",1,45.3858798527784,71.3174903348722,235.54989449587,0.288918443118041
73,1,1.5,1,"Sin baterías",1,60.8684249291147,102.468849433972,264.661744448856,0.288918443118041
74,1.25,1.5,1,"Sin baterías",1,77.9849793030703,137.586025038275,292.14157438146,0.288918443118041
75,1.5,1.5,1,"Sin baterías",1,96.6023210973262,176.286100644738,318.143768806286,0.288918443118041
76,0.5,0.5,1.25,"Sin baterías",1,31.5358105845944,44.0873105592078,237.37835123974,0.096306147706013
77,0.75,0.5,1.25,"Sin baterías",1,45.1845773598771,70.6484679965167,274.812493015686,0.096306147706013
78,1,0.5,1.25,"Sin baterías",1,60.6175357441553,101.613233600284,310.033784725608,0.096306147706013
79,1.25,0.5,1.25,"Sin baterías",1,77.6829203428592,136.536913798347,343.263304394515,0.096306147706013
80,1.5,0.5,1.25,"Sin baterías",1,96.2480832410523,175.039149803076,374.69039355793,0.096306147706013
81,0.5,0.75,1.25,"Sin baterías",1,31.57861068322,44.2289407273713,227.772475682147,0.144459221559019
82,0.75,0.75,1.25,"Sin baterías",1,45.2405480188665,70.8406914731256,263.28874786713,0.144459221559019
83,1,0.75,1.25,"Sin baterías",1,60.6873159672217,101.858936786364,296.710532373508,0.144459221559019
84,1.25,0.75,1.25,"Sin baterías",1,77.7669396171455,136.838009142846,328.246821100457,0.144459221559019
85,1.5,0.75,1.25,"Sin baterías",1,96.3466110681112,175.396818897402,358.076616809869,0.144459221559019
86,0.5,1,1.25,"Sin baterías",1,31.6183151352422,44.35701605535,219.222021532155,0.192612295412026
87,0.75,1,1.25,"Sin baterías",1,45.2924434011855,71.0145781773849,253.036924386682,0.192612295412026
88,1,1,1.25,"Sin baterías",1,60.7520013872991,102.081295857545,284.862113788389,0.192612295412026
89,1.25,1,1.25,"Sin baterías",1,77.8448207879818,137.110619489823,314.895889972769,0.192612295412026
90,1.5,1,1.25,"Sin baterías",1,96.4379455943069,175.720795330592,343.30811078394,0.192612295412026
91,0.5,1.25,1.25,"Sin baterías",1,31.6552943491787,44.4735143284922,211.552165813309,0.240765369265034
92,0.75,1.25,1.25,"Sin baterías",1,45.3407512875767,71.1727921943658,243.845821074061,0.240765369265034
93,1,1.25,1.25,"Sin baterías",1,60.8122010777816,102.283687875695,274.243250211552,0.240765369265034
94,1.25,1.25,1.25,"Sin baterías",1,77.9172962181285,137.358848658516,302.933220318043,0.240765369265034
95,1.5,1.25,1.25,"Sin baterías",1,96.5229430945785,176.015914344681,330.077435853058,0.240765369265034
96,0.5,1.5,1.25,"Sin baterías",1,31.6898581911938,44.5800351345225,204.62581651137,0.288918443118041
97,0.75,1.5,1.25,"Sin baterías",1,45.3858798527784,71.3174903348722,235.54989449587,0.288918443118041
98,1,1.5,1.25,"Sin baterías",1,60.8684249291147,102.468849433972,264.661744448856,0.288918443118041
99,1.25,1.5,1.25,"Sin baterías",1,77.9849793030703,137.586025038275,292.14157438146,0.288918443118041
100,1.5,1.5,1.25,"Sin baterías",1,96.6023210973262,176.286100644738,318.143768806286,0.288918443118041
101,0.5,0.5,1.5,"Sin baterías",1,31.5358105845944,44.0873105592078,237.37835123974,0.096306147706013
102,0.75,0.5,1.5,"Sin baterías",1,45.1845773598771,70.6484679965167,274.812493015686,0.096306147706013
103,1,0.5,1.5,"Sin baterías",1,60.6175357441553,101.613233600284,310.033784725608,0.096306147706013
104,1.25,0.5,1.5,"Sin baterías",1,77.6829203428592,136.536913798347,343.263304394515,0.096306147706013
105,1.5,0.5,1.5,"Sin baterías",1,96.2480832410523,175.039149803076,374.69039355793,0.096306147706013
106,0.5,0.75,1.5,"Sin baterías",1,31.57861068322,44.2289407273713,227.772475682147,0.144459221559019
107,0.75,0.75,1.5,"Sin baterías",1,45.2405480188665,70.8406914731256,263.28874786713,0.144459221559019
108,1,0.75,1.5,"Sin baterías",1,60.6873159672217,101.858936786364,296.710532373508,0.144459221559019
109,1.25,0.75,1.5,"Sin baterías",1,77.7669396171455,136.838009142846,328.246821100457,0.144459221559019
110,1.5,0.75,1.5,"Sin baterías",1,96.3466110681112,175.396818897402,358.076616809869,0.144459221559019
111,0.5,1,1.5,"Sin baterías",1,31.6183151352422,44.35701605535,219.222021532155,0.192612295412026
112,0.75,1,1.5,"Sin baterías",1,45.2924434011855,71.0145781773849,253.036924386682,0.192612295412026
113,1,1,1.5,"Sin baterías",1,60.7520013872991,102.081295857545,284.862113788389,0.192612295412026
114,1.25,1,1.5,"Sin baterías",1,77.8448207879818,137.110619489823,314.895889972769,0.192612295412026
115,1.5,1,1.5,"Sin baterías",1,96.4379455943069,175.720795330592,343.30811078394,0.192612295412026
116,0.5,1.25,1.5,"Sin baterías",1,31.6552943491787,44.4735143284922,211.552165813309,0.240765369265034
117,0.75,1.25,1.5,"Sin baterías",1,45.3407512875767,71.1727921943658,243.845821074061,0.240765369265034
118,1,1.25,1.5,"Sin baterías",1,60.8122010777816,102.283687875695,274.243250211552,0.240765369265034
119,1.25,1.25,1.5,"Sin baterías",1,77.9172962181285,137.358848658516,302.933220318043,0.240765369265034
120,1.5,1.25,1.5,"Sin baterías",1,96.5229430945785,176.015914344681,330.077435853058,0.240765369265034
121,0.5,1.5,1.5,"Sin baterías",1,31.6898581911938,44.5800351345225,204.62581651137,0.288918443118041
122,0.75,1.5,1.5,"Sin baterías",1,45.3858798527784,71.3174903348722,235.54989449587,0.288918443118041
123,1,1.5,1.5,"Sin baterías",1,60.8684249291147,102.468849433972,264.661744448856,0.288918443118041
124,1.25,1.5,1.5,"Sin baterías",1,77.9849793030703,137.586025038275,292.14157438146,0.288918443118041
125,1.5,1.5,1.5,"Sin baterías",1,96.6023210973262,176.286100644738,318.143768806286,0.288918443118041
126,0.5,0.5,0.5,"Con baterías",0.826086956521739,15.0320163227424,17.9229333256724,112.297789362757,-4.65351931740588
127,0.75,0.5,0.5,"Con baterías",0.857142857142857,22.7110319605307,33.5836411786546,127.215603882645,-4.65351931740588
128,1,0.5,0.5,"Con baterías",0.881987577639752,31.8029933058481,52.5895196188452,141.566593128711,-4.65351931740588
129,1.25,0.5,0.5,"Con baterías",0.894409937888199,42.2052146434728,74.7109776490765,155.386832693635,-4.65351931740588
130,1.5,0.5,0.5,"Con baterías",0.906832298136646,53.8319367639061,99.741490755364,168.709529118248,-4.65351931740588
131,0.5,0.75,0.5,"Con baterías",0.826086956521739,14.9022311824886,17.5912847306494,108.909885389754,-4.60536624355287
132,0.75,0.75,0.5,"Con baterías",0.857142857142857,22.5253417641513,33.1058927458859,123.082306080067,-4.60536624355287
133,1,0.75,0.5,"Con baterías",0.875776397515528,31.5540022059379,51.9490389522617,136.722606587937,-4.60536624355287
134,1.25,0.75,0.5,"Con baterías",0.894409937888199,41.8914071499658,73.893992764588,149.864009312903,-4.60536624355287
135,1.5,0.75,0.5,"Con baterías",0.906832298136646,53.4463804129416,98.7366261483786,162.537275460521,-4.60536624355287
136,0.5,1,0.5,"Con baterías",0.826086956521739,14.788981138623,17.3111367829832,105.924160756593,-4.55721316969986
137,0.75,1,0.5,"Con baterías",0.857142857142857,22.3616847790056,32.7017888092158,119.440272871063,-4.55721316969986
138,1,1,0.5,"Con baterías",0.875776397515528,31.3364950670054,51.4066259868379,132.454225915832,-4.55721316969986
139,1.25,1,0.5,"Con baterías",0.894409937888199,41.6136105197845,73.201322227779,144.996804920646,-4.55721316969986
140,1.5,1,0.5,"Con baterías",0.906832298136646,53.1057246969951,97.8837715420722,157.096704748592,-4.55721316969986
141,0.5,1.25,0.5,"Con baterías",0.826086956521739,14.6886860895914,17.0714857564341,103.26762377324,-4.50906009584686
142,0.75,1.25,0.5,"Con baterías",0.857142857142857,22.2162499372603,32.3556960422957,116.200564894494,-4.50906009584686
143,1,1.25,0.5,"Con baterías",0.875776397515528,31.1424232299937,50.9415872558168,128.657546049376,-4.50906009584686
144,1.25,1.25,0.5,"Con baterías",0.894409937888199,41.3649335613648,72.6068809374093,140.667206831208,-4.50906009584686
145,1.5,1.25,0.5,"Con baterías",0.906832298136646,52.8020458944354,97.1512003617731,152.256375533562,-4.50906009584686
146,0.5,1.5,0.5,"Con baterías",0.826086956521739,14.5987072917437,16.8642410773805,100.884477059791,-4.46090702199385
147,0.75,1.5,0.5,"Con baterías",0.857142857142857,22.0862330248262,32.0560963602736,113.295039891002,-4.46090702199385
148,1,1.5,0.5,"Con baterías",0.875776397515528,30.9686533370807,50.5386470233296,125.252837971211,-4.46090702199385
149,1.25,1.5,0.5,"Con baterías",0.894409937888199,41.1418598284402,72.0913784276198,136.784548111193,-4.46090702199385
150,1.5,1.5,0.5,"Con baterías",0.906832298136646,52.5281787898458,96.5154045104941,147.915451243854,-4.46090702199385
151,0.5,0.5,0.75,"Con baterías",0.832298136645963,16.5473439576815,17.7948431339827,121.694197144162,-4.65351931740588
152,0.75,0.5,0.75,"Con baterías",0.857142857142857,24.4246937368585,33.4063924047554,138.158277552061,-4.65351931740588
153,1,0.5,0.75,"Con baterías",0.875776397515528,33.6936345832486,52.356769134677,153.989041637798,-4.65351931740588
154,1.25,0.5,0.75,"Con baterías",0.894409937888199,44.2599508574462,74.4165717507482,169.227507876481,-4.65351931740588
155,1.5,0.5,0.75,"Con baterías",0.906832298136646,56.0365663030299,99.3791799161163,183.911342535397,-4.65351931740588
156,0.5,0.75,0.75,"Con baterías",0.826086956521739,16.4293573091985,17.4669663136221,118.116873433423,-4.60536624355287
157,0.75,0.75,0.75,"Con baterías",0.857142857142857,24.250689947486,32.9340129523009,133.793848337463,-4.60536624355287
158,1,0.75,0.75,"Con baterías",0.875776397515528,33.4563489223875,51.7234804879856,148.873658639963,-4.60536624355287
159,1.25,0.75,0.75,"Con baterías",0.894409937888199,43.9507377469792,73.6088184223431,163.394314479866,-4.60536624355287
160,1.5,0.75,0.75,"Con baterías",0.906832298136646,55.6542595574121,98.3857964549987,177.39098315168,-4.60536624355287
161,0.5,1,0.75,"Con baterías",0.826086956521739,16.3275640497487,17.1902956054656,114.946689337039,-4.55721316969986
162,0.75,1,0.75,"Con baterías",0.857142857142857,24.0976909304395,32.5348505555576,129.927851657374,-4.55721316969986
163,1,1,0.75,"Con baterías",0.875776397515528,33.2472009546278,51.1876759219335,144.34335532332,-4.55721316969986
164,1.25,1,0.75,"Con baterías",0.888198757763975,43.6770528501994,72.9246179078117,158.22847387598,-4.55721316969986
165,1.5,1,0.75,"Con baterías",0.900621118012422,55.313567942132,97.5434610782743,171.616237385782,-4.55721316969986
166,0.5,1.25,0.75,"Con baterías",0.826086956521739,16.2377255506113,16.9538754523078,112.110812170694,-4.50906009584686
167,0.75,1.25,0.75,"Con baterías",0.850931677018634,23.9597170542714,32.193335041184,126.471666541076,-4.50906009584686
168,1,1.25,0.75,"Con baterías",0.875776397515528,33.0597868795316,50.7287521159603,140.29419022649,-4.50906009584686
169,1.25,1.25,0.75,"Con baterías",0.888198757763975,43.4379597373996,72.3380051380209,153.611663142669,-4.50906009584686
170,1.5,1.25,0.75,"Con baterías",0.900621118012422,55.0176447559811,96.8206048480969,166.455097265636,-4.50906009584686
171,0.5,1.5,0.75,"Con baterías",0.826086956521739,16.1572484510155,16.7496502436277,109.553579491701,-4.46090702199385
172,0.75,1.5,0.75,"Con baterías",0.850931677018634,23.8400132066808,31.8980032947709,123.356941224009,-4.46090702199385
173,1,1.5,0.75,"Con baterías",0.869565217391304,32.8919765240229,50.3315055258502,136.646176876977,-4.46090702199385
174,1.25,1.5,0.75,"Con baterías",0.888198757763975,43.2230712929985,71.8297823177721,149.452856820446,-4.46090702199385
175,1.5,1.5,0.75,"Con baterías",0.900621118012422,54.7480246082598,96.1938210453216,161.806409428023,-4.46090702199385
176,0.5,0.5,1,"Con baterías",0.832298136645963,18.2495977842014,17.6354206623984,133.238078649558,-4.65351931740588
177,0.75,0.5,1,"Con baterías",0.857142857142857,26.4311895142728,33.1802658150759,151.730043301,-4.65351931740588
178,1,0.5,1,"Con baterías",0.881987577639752,35.9940846235753,52.0506851142172,169.489551662987,-4.65351931740588
179,1.25,0.5,1,"Con baterías",0.894409937888199,46.8464200588998,74.0144831636424,186.566576733151,-4.65351931740588
180,1.5,0.5,1,"Con baterías",0.906832298136646,58.908505733217,98.86165264275,203.006648736626,-4.65351931740588
181,0.5,0.75,1,"Con baterías",0.832298136645963,18.1464109660075,17.3139515985417,129.297619473965,-4.60536624355287
182,0.75,0.75,1,"Con baterías",0.857142857142857,26.2711051474507,32.7170174744992,146.926702950331,-4.60536624355287
183,1,0.75,1,"Con baterías",0.875776397515528,35.7666659848185,51.4296117602951,163.862707560169,-4.60536624355287
184,1.25,0.75,1,"Con baterías",0.894409937888199,46.5414026022525,73.2223832459313,180.152203112288,-4.60536624355287
185,1.5,0.75,1,"Con baterías",0.906832298136646,58.5241042550781,97.8876147203183,195.838174706018,-4.60536624355287
186,0.5,1,1,"Con baterías",0.826086956521739,18.0576338478731,17.0430823279616,125.785476850705,-4.55721316969986
187,0.75,1,1,"Con baterías",0.857142857142857,26.1273353973934,32.3260897637507,142.649026242616,-4.55721316969986
188,1,1,1,"Con baterías",0.875776397515528,35.5648408739325,50.9048058083656,158.853686683274,-4.55721316969986
189,1.25,1,1,"Con baterías",0.888198757763975,46.2760449278816,72.5522176043705,174.443379341734,-4.55721316969986
190,1.5,1,1,"Con baterías",0.900621118012422,58.1866746711709,97.0625974906247,189.458623684978,-4.55721316969986
191,0.5,1.25,1,"Con baterías",0.826086956521739,17.9796850979375,16.8119566270041,122.627267508739,-4.50906009584686
192,0.75,1.25,1,"Con baterías",0.850931677018634,26.0030762432806,31.9920687044914,138.805822108171,-4.50906009584686
193,1,1.25,1,"Con baterías",0.869565217391304,35.3857997601122,50.4558628982554,154.355535693549,-4.50906009584686
194,1.25,1.25,1,"Con baterías",0.888198757763975,46.0411379984469,71.9783213168286,169.318058166482,-4.50906009584686
195,1.5,1.25,1,"Con baterías",0.900621118012422,57.8876742429742,96.3553116846301,183.73207593553,-4.50906009584686
196,0.5,1.5,1,"Con baterías",0.819875776397516,17.9093437129375,16.6125902921319,119.765849357112,-4.46090702199385
197,0.75,1.5,1,"Con baterías",0.850931677018634,25.8926341443306,31.7036033057116,135.326797056971,-4.46090702199385
198,1,1.5,1,"Con baterías",0.869565217391304,35.2273591671251,50.0677023724969,150.285936639441,-4.46090702199385
199,1.25,1.5,1,"Con baterías",0.888198757763975,45.8229893449328,71.4815933399243,164.682555992278,-4.46090702199385
200,1.5,1.5,1,"Con baterías",0.900621118012422,57.6143279576542,95.7426526505191,178.553363254284,-4.46090702199385
201,0.5,0.5,1.25,"Con baterías",0.832298136645963,20.1726824158509,17.374868069395,147.44101730924,-4.65351931740588
202,0.75,0.5,1.25,"Con baterías",0.857142857142857,28.783586135488,32.7655276306155,168.568140875426,-4.65351931740588
203,1,0.5,1.25,"Con baterías",0.881987577639752,38.7811619457024,51.4204330881748,188.824617813711,-4.65351931740588
204,1.25,0.5,1.25,"Con baterías",0.894409937888199,50.0751803090875,73.0953113954344,208.27579223923,-4.65351931740588
205,1.5,0.5,1.25,"Con baterías",0.906832298136646,62.5925845107814,97.57096752109,226.98049843608,-4.65351931740588
206,0.5,0.75,1.25,"Con baterías",0.832298136645963,20.0864082158854,17.0605162063612,142.905721365661,-4.60536624355287
207,0.75,0.75,1.25,"Con baterías",0.857142857142857,28.6388869809284,32.3116394243425,163.045578670702,-4.60536624355287
208,1,0.75,1.25,"Con baterías",0.875776397515528,38.5628566432287,50.8101292777095,182.35996714143,-4.60536624355287
209,1.25,0.75,1.25,"Con baterías",0.894409937888199,49.7741022504702,72.3149782957081,200.909945341173,-4.60536624355287
210,1.5,0.75,1.25,"Con baterías",0.906832298136646,62.2075298393414,96.6087475301152,218.751329498167,-4.60536624355287
211,0.5,1,1.25,"Con baterías",0.826086956521739,20.0128009429192,16.795551817654,138.847904891028,-4.55721316969986
212,0.75,1,1.25,"Con baterías",0.850931677018634,28.5068163580623,31.9280366348827,158.110125290105,-4.55721316969986
213,1,1,1.25,"Con baterías",0.875776397515528,38.3682705711788,50.2938627697525,176.585932710183,-4.55721316969986
214,1.25,1,1.25,"Con baterías",0.888198757763975,49.5128383463144,71.6533916036245,194.333689630558,-4.55721316969986
215,1.5,1,1.25,"Con baterías",0.900621118012422,61.8665469300706,95.791812704317,211.405863464604,-4.55721316969986
216,0.5,1.25,1.25,"Con baterías",0.826086956521739,19.9471482696434,16.5693168679456,135.187300213632,-4.50906009584686
217,0.75,1.25,1.25,"Con baterías",0.850931677018634,28.3955467388864,31.6001486497472,153.662496192405,-4.50906009584686
218,1,1.25,1.25,"Con baterías",0.869565217391304,38.1992221359975,49.8512033612362,171.386431177698,-4.50906009584686
219,1.25,1.25,1.25,"Con baterías",0.888198757763975,49.2759693847325,71.085584536346,188.41397862106,-4.50906009584686
220,1.5,1.25,1.25,"Con baterías",0.900621118012422,61.562138268267,95.089270347923,204.795603814264,-4.50906009584686
221,0.5,1.5,1.25,"Con baterías",0.819875776397516,19.8908615959554,16.3740233442446,131.861654187517,-4.46090702199385
222,0.75,1.5,1.25,"Con baterías",0.84472049689441,28.2906808897335,31.3163246177656,149.626439438388,-4.46090702199385
223,1,1.5,1.25,"Con baterías",0.869565217391304,38.0452118749703,49.4679869042408,166.670791560451,-4.46090702199385
224,1.25,1.5,1.25,"Con baterías",0.881987577639752,49.0677322308598,70.5929427411065,183.047609228258,-4.46090702199385
225,1.5,1.5,1.25,"Con baterías",0.894409937888199,61.2875890118432,94.479091466901,198.804782925387,-4.46090702199385
226,0.5,0.5,1.5,"Con baterías",0.832298136645963,22.4007221612329,15.346362299472,165.095257614151,-4.65351931740588
227,0.75,0.5,1.5,"Con baterías",0.863354037267081,31.6242397071958,29.8977524333475,189.683741148219,-4.65351931740588
228,1,0.5,1.5,"Con baterías",0.881987577639752,42.2734882478152,47.4412953161883,213.230731439446,-4.65351931740588
229,1.25,0.5,1.5,"Con baterías",0.894409937888199,54.2634130548583,67.7607567085072,235.818780394154,-4.65351931740588
230,1.5,0.5,1.5,"Con baterías",0.91304347826087,67.5350413659033,90.6592685811731,257.521907683479,-4.65351931740588
231,0.5,0.75,1.5,"Con baterías",0.832298136645963,22.3390387667738,14.882222205757,159.662820008915,-4.60536624355287
232,0.75,0.75,1.5,"Con baterías",0.857142857142857,31.5003599307403,29.2743911430999,183.06944264717,-4.60536624355287
233,1,0.75,1.5,"Con baterías",0.875776397515528,42.0730672983896,46.6287909076183,205.48882997921,-4.60536624355287
234,1.25,0.75,1.5,"Con baterías",0.894409937888199,53.9796043822647,66.7419836402111,226.997513147095,-4.60536624355287
235,1.5,0.75,1.5,"Con baterías",0.906832298136646,67.1591715723094,89.4185035604637,247.665844016189,-4.60536624355287
236,0.5,1,1.5,"Con baterías",0.826086956521739,22.2879122637491,14.4649802235412,154.800451829305,-4.55721316969986
237,0.75,1,1.5,"Con baterías",0.850931677018634,31.3904686802616,28.7159840469506,177.15760109016,-4.55721316969986
238,1,1,1.5,"Con baterías",0.869565217391304,41.8963079365699,45.910858085256,198.573737827642,-4.55721316969986
239,1.25,1,1.5,"Con baterías",0.888198757763975,53.7314524653241,65.8404944998852,219.123142118232,-4.55721316969986
240,1.5,1,1.5,"Con baterías",0.900621118012422,66.8235807251303,88.322162473464,238.871030624139,-4.55721316969986
241,0.5,1.25,1.5,"Con baterías",0.819875776397516,22.2417579248023,14.0797608723934,150.414382419132,-4.50906009584686
242,0.75,1.25,1.5,"Con baterías",0.850931677018634,31.2952161764124,28.2128618521293,171.830482357606,-4.50906009584686
243,1,1.25,1.5,"Con baterías",0.869565217391304,41.744802562458,45.2628136118745,192.34828703236,-4.50906009584686
244,1.25,1.25,1.5,"Con baterías",0.881987577639752,53.506915439182,65.0349410983996,212.036938658519,-4.50906009584686
245,1.5,1.25,1.5,"Con baterías",0.900621118012422,66.5290947392187,87.3450853483415,230.959315664631,-4.50906009584686
246,0.5,1.5,1.5,"Con baterías",0.819875776397516,22.2045171320052,13.7254598736866,146.430059561375,-4.46090702199385
247,0.75,1.5,1.5,"Con baterías",0.84472049689441,31.214078730688,27.7553735739961,166.997022304491,-4.46090702199385
248,1,1.5,1.5,"Con baterías",0.863354037267081,41.6083371953574,44.6778546877689,186.703804173521,-4.46090702199385
249,1.25,1.5,1.5,"Con baterías",0.881987577639752,53.3166443348567,64.3099016115477,205.615400031196,-4.46090702199385
250,1.5,1.5,1.5,"Con baterías",0.894409937888199,66.2696952750349,86.4669485160086,223.79238838728,-4.46090702199385
